{"stats":{"minecraft:picked_up":{"minecraft:repeater":6,"minecraft:green_concrete":1,"minecraft:redstone_lamp":1,"minecraft:redstone_torch":57,"minecraft:white_concrete":9,"minecraft:redstone":131},"minecraft:used":{"minecraft:redstone_torch":243,"minecraft:water_bucket":5,"minecraft:lever":5,"minecraft:green_concrete":78,"minecraft:redstone_lamp":32,"minecraft:repeater":216,"minecraft:comparator":1,"minecraft:redstone":2005,"minecraft:oak_sign":11,"minecraft:white_concrete":2309,"minecraft:blue_concrete":25},"minecraft:dropped":{"minecraft:redstone_torch":3,"minecraft:redstone_lamp":1,"minecraft:green_concrete":1,"minecraft:repeater":2,"minecraft:white_concrete":9,"minecraft:redstone":5},"minecraft:custom":{"minecraft:time_since_rest":307966,"minecraft:crouch_one_cm":123,"minecraft:sprint_one_cm":6343,"minecraft:play_time":307966,"minecraft:walk_one_cm":365294,"minecraft:sneak_time":2108,"minecraft:drop":21,"minecraft:jump":759,"minecraft:walk_on_water_one_cm":1624,"minecraft:leave_game":6,"minecraft:time_since_death":307966,"minecraft:total_world_time":336866,"minecraft:fly_one_cm":1226812}},"DataVersion":3105}